id,acorn,acorn-grouped,aff
2,ACORN-A,Affluent,1
6,ACORN-Q,Adversity,0
10,ACORN-H,Comfortable,0
18,ACORN-E,Affluent,1
19,ACORN-K,Adversity,0
27,ACORN-J,Comfortable,0
40,ACORN-A,Affluent,1
49,ACORN-E,Affluent,1
57,ACORN-E,Affluent,1
60,ACORN-F,Comfortable,0
91,ACORN-H,Comfortable,0
99,ACORN-U,ACORN-U,0
100,ACORN-N,Adversity,0
102,ACORN-Q,Adversity,0
111,ACORN-M,Adversity,0
116,ACORN-E,Affluent,1
117,ACORN-L,Adversity,0
123,ACORN-K,Adversity,0
131,ACORN-E,Affluent,1
140,ACORN-C,Affluent,1
145,ACORN-F,Comfortable,0
152,ACORN-E,Affluent,1
162,ACORN-Q,Adversity,0
168,ACORN-E,Affluent,1
179,ACORN-E,Affluent,1
180,ACORN-F,Comfortable,0
181,ACORN-E,Affluent,1
228,ACORN-E,Affluent,1
248,ACORN-F,Comfortable,0
255,ACORN-K,Adversity,0
260,ACORN-G,Comfortable,0
267,ACORN-K,Adversity,0
270,ACORN-E,Affluent,1
277,ACORN-F,Comfortable,0
280,ACORN-E,Affluent,1
281,ACORN-K,Adversity,0
295,ACORN-E,Affluent,1
301,ACORN-E,Affluent,1
306,ACORN-E,Affluent,1
307,ACORN-E,Affluent,1
312,ACORN-E,Affluent,1
313,ACORN-Q,Adversity,0
314,ACORN-F,Comfortable,0
317,ACORN-D,Affluent,1
320,ACORN-E,Affluent,1
322,ACORN-D,Affluent,1
323,ACORN-A,Affluent,1
330,ACORN-E,Affluent,1
331,ACORN-E,Affluent,1
349,ACORN-E,Affluent,1
350,ACORN-P,Adversity,0
355,ACORN-E,Affluent,1
357,ACORN-E,Affluent,1
359,ACORN-E,Affluent,1
363,ACORN-O,Adversity,0
367,ACORN-E,Affluent,1
373,ACORN-L,Adversity,0
376,ACORN-E,Affluent,1
381,ACORN-H,Comfortable,0
390,ACORN-L,Adversity,0
396,ACORN-E,Affluent,1
397,ACORN-F,Comfortable,0
415,ACORN-E,Affluent,1
443,ACORN-E,Affluent,1
455,ACORN-D,Affluent,1
462,ACORN-D,Affluent,1
496,ACORN-E,Affluent,1
498,ACORN-H,Comfortable,0
502,ACORN-F,Comfortable,0
506,ACORN-E,Affluent,1
507,ACORN-Q,Adversity,0
510,ACORN-Q,Adversity,0
539,ACORN-F,Comfortable,0
542,ACORN-Q,Adversity,0
547,ACORN-H,Comfortable,0
566,ACORN-K,Adversity,0
568,ACORN-L,Adversity,0
572,ACORN-D,Affluent,1
573,ACORN-L,Adversity,0
578,ACORN-H,Comfortable,0
580,ACORN-Q,Adversity,0
604,ACORN-O,Adversity,0
612,ACORN-E,Affluent,1
614,ACORN-H,Comfortable,0
615,ACORN-Q,Adversity,0
618,ACORN-E,Affluent,1
621,ACORN-K,Adversity,0
623,ACORN-K,Adversity,0
632,ACORN-D,Affluent,1
634,ACORN-F,Comfortable,0
638,ACORN-H,Comfortable,0
644,ACORN-L,Adversity,0
649,ACORN-P,Adversity,0
652,ACORN-E,Affluent,1
654,ACORN-E,Affluent,1
663,ACORN-E,Affluent,1
670,ACORN-L,Adversity,0
676,ACORN-F,Comfortable,0
682,ACORN-H,Comfortable,0
685,ACORN-H,Comfortable,0
686,ACORN-E,Affluent,1
689,ACORN-C,Affluent,1
692,ACORN-D,Affluent,1
714,ACORN-Q,Adversity,0
715,ACORN-D,Affluent,1
723,ACORN-H,Comfortable,0
727,ACORN-D,Affluent,1
731,ACORN-L,Adversity,0
732,ACORN-E,Affluent,1
737,ACORN-D,Affluent,1
742,ACORN-E,Affluent,1
746,ACORN-Q,Adversity,0
749,ACORN-E,Affluent,1
750,ACORN-L,Adversity,0
756,ACORN-E,Affluent,1
769,ACORN-F,Comfortable,0
773,ACORN-H,Comfortable,0
784,ACORN-H,Comfortable,0
809,ACORN-H,Comfortable,0
827,ACORN-K,Adversity,0
842,ACORN-K,Adversity,0
852,ACORN-K,Adversity,0
855,ACORN-E,Affluent,1
867,ACORN-K,Adversity,0
872,ACORN-K,Adversity,0
876,ACORN-J,Comfortable,0
888,ACORN-D,Affluent,1
891,ACORN-Q,Adversity,0
899,ACORN-H,Comfortable,0
903,ACORN-E,Affluent,1
904,ACORN-F,Comfortable,0
909,ACORN-I,Comfortable,0
919,ACORN-P,Adversity,0
952,ACORN-Q,Adversity,0
955,ACORN-H,Comfortable,0
956,ACORN-E,Affluent,1
958,ACORN-E,Affluent,1
966,ACORN-H,Comfortable,0
968,ACORN-E,Affluent,1
995,ACORN-H,Comfortable,0
1000,ACORN-D,Affluent,1
1003,ACORN-Q,Adversity,0
1008,ACORN-Q,Adversity,0
1021,ACORN-F,Comfortable,0
1029,ACORN-E,Affluent,1
1032,ACORN-E,Affluent,1
1060,ACORN-E,Affluent,1
1072,ACORN-P,Adversity,0
1081,ACORN-E,Affluent,1
1085,ACORN-K,Adversity,0
1088,ACORN-H,Comfortable,0
1094,ACORN-Q,Adversity,0
1095,ACORN-M,Adversity,0
1112,ACORN-L,Adversity,0
1114,ACORN-L,Adversity,0
1128,ACORN-Q,Adversity,0
1130,ACORN-E,Affluent,1
1135,ACORN-D,Affluent,1
1140,ACORN-C,Affluent,1
1151,ACORN-H,Comfortable,0
1164,ACORN-E,Affluent,1
1168,ACORN-Q,Adversity,0
1170,ACORN-F,Comfortable,0
1176,ACORN-Q,Adversity,0
1178,ACORN-K,Adversity,0
1183,ACORN-L,Adversity,0
1184,ACORN-E,Affluent,1
1210,ACORN-F,Comfortable,0
1212,ACORN-N,Adversity,0
1214,ACORN-F,Comfortable,0
1221,ACORN-D,Affluent,1
1227,ACORN-G,Comfortable,0
1233,ACORN-H,Comfortable,0
1236,ACORN-E,Affluent,1
1241,ACORN-E,Affluent,1
1244,ACORN-N,Adversity,0
1250,ACORN-J,Comfortable,0
1253,ACORN-G,Comfortable,0
1261,ACORN-H,Comfortable,0
1265,ACORN-F,Comfortable,0
1266,ACORN-Q,Adversity,0
1283,ACORN-E,Affluent,1
1294,ACORN-E,Affluent,1
1302,ACORN-H,Comfortable,0
1309,ACORN-K,Adversity,0
1312,ACORN-F,Comfortable,0
1325,ACORN-E,Affluent,1
1328,ACORN-E,Affluent,1
1340,ACORN-N,Adversity,0
1346,ACORN-Q,Adversity,0
1367,ACORN-E,Affluent,1
1382,ACORN-F,Comfortable,0
1396,ACORN-G,Comfortable,0
1406,ACORN-Q,Adversity,0
1408,ACORN-H,Comfortable,0
1412,ACORN-E,Affluent,1
1415,ACORN-K,Adversity,0
1424,ACORN-E,Affluent,1
1436,ACORN-E,Affluent,1
1445,ACORN-E,Affluent,1
1450,ACORN-F,Comfortable,0
1455,ACORN-Q,Adversity,0
1459,ACORN-Q,Adversity,0
1468,ACORN-O,Adversity,0
1473,ACORN-G,Comfortable,0
1484,ACORN-N,Adversity,0
1485,ACORN-N,Adversity,0
1488,ACORN-C,Affluent,1
1494,ACORN-H,Comfortable,0
1502,ACORN-D,Affluent,1
1506,ACORN-E,Affluent,1
1510,ACORN-A,Affluent,1
1519,ACORN-E,Affluent,1
1521,ACORN-E,Affluent,1
1525,ACORN-H,Comfortable,0
1526,ACORN-E,Affluent,1
1528,ACORN-A,Affluent,1
1541,ACORN-E,Affluent,1
1546,ACORN-Q,Adversity,0
1550,ACORN-M,Adversity,0
1558,ACORN-Q,Adversity,0
1562,ACORN-E,Affluent,1
1571,ACORN-E,Affluent,1
1574,ACORN-Q,Adversity,0
1578,ACORN-K,Adversity,0
1581,ACORN-K,Adversity,0
1583,ACORN-Q,Adversity,0
1591,ACORN-H,Comfortable,0
1592,ACORN-G,Comfortable,0
1605,ACORN-J,Comfortable,0
1609,ACORN-E,Affluent,1
1618,ACORN-H,Comfortable,0
1620,ACORN-Q,Adversity,0
1625,ACORN-F,Comfortable,0
1638,ACORN-D,Affluent,1
1646,ACORN-F,Comfortable,0
1647,ACORN-E,Affluent,1
1656,ACORN-D,Affluent,1
1662,ACORN-E,Affluent,1
1665,ACORN-E,Affluent,1
1672,ACORN-Q,Adversity,0
1673,ACORN-Q,Adversity,0
1675,ACORN-N,Adversity,0
1679,ACORN-H,Comfortable,0
1684,ACORN-Q,Adversity,0
1690,ACORN-G,Comfortable,0
1698,ACORN-D,Affluent,1
1703,ACORN-Q,Adversity,0
1710,ACORN-A,Affluent,1
1714,ACORN-Q,Adversity,0
1739,ACORN-G,Comfortable,0
1742,ACORN-L,Adversity,0
1745,ACORN-E,Affluent,1
1746,ACORN-K,Adversity,0
1751,ACORN-Q,Adversity,0
1758,ACORN-F,Comfortable,0
1779,ACORN-Q,Adversity,0
1789,ACORN-F,Comfortable,0
1794,ACORN-E,Affluent,1
1797,ACORN-L,Adversity,0
1805,ACORN-F,Comfortable,0
1809,ACORN-F,Comfortable,0
1816,ACORN-N,Adversity,0
1819,ACORN-A,Affluent,1
1834,ACORN-O,Adversity,0
1845,ACORN-L,Adversity,0
1869,ACORN-D,Affluent,1
1871,ACORN-Q,Adversity,0
1872,ACORN-L,Adversity,0
1874,ACORN-M,Adversity,0
1878,ACORN-Q,Adversity,0
1884,ACORN-E,Affluent,1
1888,ACORN-K,Adversity,0
1909,ACORN-L,Adversity,0
1913,ACORN-F,Comfortable,0
1914,ACORN-E,Affluent,1
1917,ACORN-Q,Adversity,0
1918,ACORN-E,Affluent,1
1927,ACORN-K,Adversity,0
1929,ACORN-K,Adversity,0
1935,ACORN-G,Comfortable,0
1940,ACORN-G,Comfortable,0
1943,ACORN-E,Affluent,1
1944,ACORN-F,Comfortable,0
1945,ACORN-L,Adversity,0
1965,ACORN-F,Comfortable,0
1966,ACORN-B,Affluent,1
1971,ACORN-F,Comfortable,0
1972,ACORN-E,Affluent,1
1983,ACORN-Q,Adversity,0
1991,ACORN-H,Comfortable,0
2001,ACORN-Q,Adversity,0
2007,ACORN-E,Affluent,1
2009,ACORN-Q,Adversity,0
2027,ACORN-E,Affluent,1
2033,ACORN-Q,Adversity,0
2038,ACORN-L,Adversity,0
2041,ACORN-L,Adversity,0
2042,ACORN-E,Affluent,1
2043,ACORN-P,Adversity,0
2066,ACORN-E,Affluent,1
2077,ACORN-Q,Adversity,0
2085,ACORN-K,Adversity,0
2086,ACORN-F,Comfortable,0
2100,ACORN-E,Affluent,1
2129,ACORN-Q,Adversity,0
2138,ACORN-D,Affluent,1
2168,ACORN-Q,Adversity,0
2170,ACORN-D,Affluent,1
2172,ACORN-E,Affluent,1
2179,ACORN-E,Affluent,1
2190,ACORN-D,Affluent,1
2192,ACORN-L,Adversity,0
2204,ACORN-E,Affluent,1
2208,ACORN-O,Adversity,0
2212,ACORN-L,Adversity,0
2231,ACORN-F,Comfortable,0
2233,ACORN-D,Affluent,1
2241,ACORN-E,Affluent,1
2259,ACORN-E,Affluent,1
2261,ACORN-F,Comfortable,0
2269,ACORN-O,Adversity,0
2272,ACORN-M,Adversity,0
2296,ACORN-C,Affluent,1
2299,ACORN-O,Adversity,0
2301,ACORN-F,Comfortable,0
2302,ACORN-E,Affluent,1
2320,ACORN-F,Comfortable,0
2321,ACORN-E,Affluent,1
2333,ACORN-E,Affluent,1
2348,ACORN-F,Comfortable,0
2353,ACORN-Q,Adversity,0
2356,ACORN-P,Adversity,0
2358,ACORN-D,Affluent,1
2364,ACORN-Q,Adversity,0
2365,ACORN-Q,Adversity,0
2366,ACORN-P,Adversity,0
2369,ACORN-N,Adversity,0
2388,ACORN-H,Comfortable,0
2391,ACORN-Q,Adversity,0
2396,ACORN-M,Adversity,0
2400,ACORN-Q,Adversity,0
2411,ACORN-H,Comfortable,0
2417,ACORN-F,Comfortable,0
2422,ACORN-F,Comfortable,0
2428,ACORN-D,Affluent,1
2429,ACORN-P,Adversity,0
2434,ACORN-E,Affluent,1
2458,ACORN-D,Affluent,1
2465,ACORN-F,Comfortable,0
2469,ACORN-E,Affluent,1
2478,ACORN-E,Affluent,1
2481,ACORN-C,Affluent,1
2487,ACORN-F,Comfortable,0
2492,ACORN-E,Affluent,1
2494,ACORN-E,Affluent,1
2506,ACORN-E,Affluent,1
2509,ACORN-E,Affluent,1
2517,ACORN-E,Affluent,1
2518,ACORN-E,Affluent,1
2525,ACORN-E,Affluent,1
2527,ACORN-Q,Adversity,0
2540,ACORN-I,Comfortable,0
2554,ACORN-F,Comfortable,0
2558,ACORN-E,Affluent,1
2563,ACORN-A,Affluent,1
2564,ACORN-E,Affluent,1
2569,ACORN-Q,Adversity,0
2576,ACORN-Q,Adversity,0
2581,ACORN-E,Affluent,1
2588,ACORN-E,Affluent,1
2592,ACORN-H,Comfortable,0
2600,ACORN-Q,Adversity,0
2603,ACORN-E,Affluent,1
2605,ACORN-E,Affluent,1
2608,ACORN-E,Affluent,1
2611,ACORN-E,Affluent,1
2616,ACORN-E,Affluent,1
2627,ACORN-D,Affluent,1
2632,ACORN-Q,Adversity,0
2657,ACORN-K,Adversity,0
2659,ACORN-Q,Adversity,0
2685,ACORN-Q,Adversity,0
2688,ACORN-H,Comfortable,0
2697,ACORN-E,Affluent,1
2698,ACORN-F,Comfortable,0
2699,ACORN-G,Comfortable,0
2714,ACORN-I,Comfortable,0
2718,ACORN-G,Comfortable,0
2720,ACORN-U,ACORN-U,0
2723,ACORN-Q,Adversity,0
2733,ACORN-F,Comfortable,0
2736,ACORN-Q,Adversity,0
2737,ACORN-E,Affluent,1
2745,ACORN-I,Comfortable,0
2751,ACORN-D,Affluent,1
2752,ACORN-E,Affluent,1
2753,ACORN-F,Comfortable,0
2756,ACORN-E,Affluent,1
2760,ACORN-M,Adversity,0
2763,ACORN-H,Comfortable,0
2771,ACORN-Q,Adversity,0
2776,ACORN-H,Comfortable,0
2777,ACORN-E,Affluent,1
2781,ACORN-Q,Adversity,0
2783,ACORN-F,Comfortable,0
2790,ACORN-E,Affluent,1
2799,ACORN-F,Comfortable,0
2806,ACORN-L,Adversity,0
2810,ACORN-E,Affluent,1
2816,ACORN-N,Adversity,0
2822,ACORN-H,Comfortable,0
2828,ACORN-H,Comfortable,0
2831,ACORN-E,Affluent,1
2853,ACORN-E,Affluent,1
2856,ACORN-Q,Adversity,0
2862,ACORN-C,Affluent,1
2863,ACORN-P,Adversity,0
2876,ACORN-E,Affluent,1
2893,ACORN-O,Adversity,0
2899,ACORN-Q,Adversity,0
2906,ACORN-Q,Adversity,0
2912,ACORN-H,Comfortable,0
2913,ACORN-M,Adversity,0
2934,ACORN-Q,Adversity,0
2940,ACORN-P,Adversity,0
2949,ACORN-E,Affluent,1
2962,ACORN-H,Comfortable,0
2966,ACORN-E,Affluent,1
2967,ACORN-Q,Adversity,0
2968,ACORN-E,Affluent,1
2969,ACORN-Q,Adversity,0
2974,ACORN-E,Affluent,1
2979,ACORN-P,Adversity,0
2988,ACORN-Q,Adversity,0
2991,ACORN-M,Adversity,0
2993,ACORN-Q,Adversity,0
2994,ACORN-F,Comfortable,0
2996,ACORN-K,Adversity,0
3000,ACORN-H,Comfortable,0
3002,ACORN-H,Comfortable,0
3003,ACORN-Q,Adversity,0
3004,ACORN-E,Affluent,1
3005,ACORN-E,Affluent,1
3012,ACORN-H,Comfortable,0
3015,ACORN-K,Adversity,0
3032,ACORN-Q,Adversity,0
3034,ACORN-F,Comfortable,0
3038,ACORN-Q,Adversity,0
3048,ACORN-K,Adversity,0
3064,ACORN-Q,Adversity,0
3073,ACORN-E,Affluent,1
3081,ACORN-H,Comfortable,0
3090,ACORN-L,Adversity,0
3093,ACORN-D,Affluent,1
3107,ACORN-M,Adversity,0
3109,ACORN-L,Adversity,0
3115,ACORN-E,Affluent,1
3118,ACORN-F,Comfortable,0
3128,ACORN-H,Comfortable,0
3131,ACORN-Q,Adversity,0
3142,ACORN-H,Comfortable,0
3143,ACORN-M,Adversity,0
3147,ACORN-E,Affluent,1
3150,ACORN-E,Affluent,1
3154,ACORN-H,Comfortable,0
3158,ACORN-E,Affluent,1
3160,ACORN-E,Affluent,1
3169,ACORN-G,Comfortable,0
3172,ACORN-L,Adversity,0
3174,ACORN-G,Comfortable,0
3192,ACORN-L,Adversity,0
3194,ACORN-M,Adversity,0
3195,ACORN-H,Comfortable,0
3199,ACORN-M,Adversity,0
3205,ACORN-N,Adversity,0
3206,ACORN-H,Comfortable,0
3210,ACORN-H,Comfortable,0
3222,ACORN-H,Comfortable,0
3237,ACORN-H,Comfortable,0
3242,ACORN-L,Adversity,0
3244,ACORN-G,Comfortable,0
3255,ACORN-G,Comfortable,0
3261,ACORN-H,Comfortable,0
3267,ACORN-L,Adversity,0
3271,ACORN-H,Comfortable,0
3273,ACORN-E,Affluent,1
3275,ACORN-C,Affluent,1
3278,ACORN-C,Affluent,1
3279,ACORN-H,Comfortable,0
3302,ACORN-G,Comfortable,0
3305,ACORN-A,Affluent,1
3312,ACORN-E,Affluent,1
3323,ACORN-H,Comfortable,0
3327,ACORN-H,Comfortable,0
3335,ACORN-C,Affluent,1
3355,ACORN-B,Affluent,1
3356,ACORN-J,Comfortable,0
3357,ACORN-C,Affluent,1
3375,ACORN-H,Comfortable,0
3378,ACORN-E,Affluent,1
3386,ACORN-M,Adversity,0
3388,ACORN-A,Affluent,1
3389,ACORN-H,Comfortable,0
3397,ACORN-N,Adversity,0
3401,ACORN-M,Adversity,0
3404,ACORN-H,Comfortable,0
3405,ACORN-H,Comfortable,0
3407,ACORN-U,ACORN-U,0
3408,ACORN-H,Comfortable,0
3411,ACORN-L,Adversity,0
3417,ACORN-H,Comfortable,0
3418,ACORN-L,Adversity,0
3420,ACORN-N,Adversity,0
3431,ACORN-F,Comfortable,0
3442,ACORN-C,Affluent,1
3443,ACORN-L,Adversity,0
3444,ACORN-Q,Adversity,0
3445,ACORN-B,Affluent,1
3447,ACORN-I,Comfortable,0
3459,ACORN-L,Adversity,0
3462,ACORN-O,Adversity,0
3465,ACORN-E,Affluent,1
3470,ACORN-G,Comfortable,0
3490,ACORN-H,Comfortable,0
3494,ACORN-H,Comfortable,0
3511,ACORN-C,Affluent,1
3512,ACORN-G,Comfortable,0
3520,ACORN-L,Adversity,0
3527,ACORN-H,Comfortable,0
3532,ACORN-H,Comfortable,0
3535,ACORN-L,Adversity,0
3540,ACORN-H,Comfortable,0
3542,ACORN-O,Adversity,0
3558,ACORN-C,Affluent,1
3567,ACORN-H,Comfortable,0
3568,ACORN-J,Comfortable,0
3575,ACORN-M,Adversity,0
3579,ACORN-A,Affluent,1
3596,ACORN-G,Comfortable,0
3603,ACORN-E,Affluent,1
3604,ACORN-L,Adversity,0
3607,ACORN-B,Affluent,1
3614,ACORN-H,Comfortable,0
3618,ACORN-M,Adversity,0
3625,ACORN-H,Comfortable,0
3636,ACORN-O,Adversity,0
3641,ACORN-L,Adversity,0
3646,ACORN-A,Affluent,1
3658,ACORN-H,Comfortable,0
3667,ACORN-L,Adversity,0
3668,ACORN-A,Affluent,1
3673,ACORN-M,Adversity,0
3674,ACORN-L,Adversity,0
3678,ACORN-H,Comfortable,0
3690,ACORN-H,Comfortable,0
3702,ACORN-H,Comfortable,0
3717,ACORN-F,Comfortable,0
3732,ACORN-H,Comfortable,0
3739,ACORN-J,Comfortable,0
3751,ACORN-J,Comfortable,0
3754,ACORN-H,Comfortable,0
3773,ACORN-L,Adversity,0
3778,ACORN-J,Comfortable,0
3780,ACORN-U,ACORN-U,0
3791,ACORN-J,Comfortable,0
3794,ACORN-H,Comfortable,0
3796,ACORN-G,Comfortable,0
3797,ACORN-O,Adversity,0
3800,ACORN-E,Affluent,1
3812,ACORN-H,Comfortable,0
3817,ACORN-A,Affluent,1
3824,ACORN-N,Adversity,0
3825,ACORN-F,Comfortable,0
3828,ACORN-G,Comfortable,0
3833,ACORN-H,Comfortable,0
3834,ACORN-H,Comfortable,0
3835,ACORN-N,Adversity,0
3850,ACORN-N,Adversity,0
3858,ACORN-J,Comfortable,0
3860,ACORN-U,ACORN-U,0
3861,ACORN-K,Adversity,0
3875,ACORN-H,Comfortable,0
3876,ACORN-B,Affluent,1
3878,ACORN-H,Comfortable,0
3884,ACORN-U,ACORN-U,0
3894,ACORN-L,Adversity,0
3896,ACORN-H,Comfortable,0
3898,ACORN-E,Affluent,1
3901,ACORN-C,Affluent,1
3904,ACORN-G,Comfortable,0
3907,ACORN-C,Affluent,1
3917,ACORN-H,Comfortable,0
3924,ACORN-Q,Adversity,0
3926,ACORN-H,Comfortable,0
3930,ACORN-H,Comfortable,0
3939,ACORN-N,Adversity,0
3940,ACORN-E,Affluent,1
3956,ACORN-E,Affluent,1
3957,ACORN-F,Comfortable,0
3958,ACORN-D,Affluent,1
3959,ACORN-H,Comfortable,0
3966,ACORN-E,Affluent,1
3969,ACORN-H,Comfortable,0
3970,ACORN-E,Affluent,1
3985,ACORN-E,Affluent,1
3997,ACORN-F,Comfortable,0
4002,ACORN-H,Comfortable,0
4007,ACORN-D,Affluent,1
4010,ACORN-U,ACORN-U,0
4015,ACORN-E,Affluent,1
4016,ACORN-D,Affluent,1
4017,ACORN-O,Adversity,0
4019,ACORN-Q,Adversity,0
4023,ACORN-F,Comfortable,0
4026,ACORN-D,Affluent,1
4027,ACORN-P,Adversity,0
4030,ACORN-F,Comfortable,0
4039,ACORN-F,Comfortable,0
4041,ACORN-E,Affluent,1
4043,ACORN-M,Adversity,0
4044,ACORN-Q,Adversity,0
4049,ACORN-G,Comfortable,0
4055,ACORN-E,Affluent,1
4060,ACORN-G,Comfortable,0
4074,ACORN-Q,Adversity,0
4075,ACORN-D,Affluent,1
4078,ACORN-Q,Adversity,0
4084,ACORN-E,Affluent,1
4085,ACORN-O,Adversity,0
4086,ACORN-P,Adversity,0
4088,ACORN-Q,Adversity,0
4089,ACORN-Q,Adversity,0
4102,ACORN-E,Affluent,1
4103,ACORN-N,Adversity,0
4111,ACORN-D,Affluent,1
4132,ACORN-E,Affluent,1
4141,ACORN-K,Adversity,0
4143,ACORN-E,Affluent,1
4163,ACORN-F,Comfortable,0
4164,ACORN-N,Adversity,0
4166,ACORN-H,Comfortable,0
4168,ACORN-Q,Adversity,0
4179,ACORN-A,Affluent,1
4193,ACORN-D,Affluent,1
4194,ACORN-E,Affluent,1
4208,ACORN-Q,Adversity,0
4211,ACORN-E,Affluent,1
4213,ACORN-E,Affluent,1
4219,ACORN-E,Affluent,1
4224,ACORN-L,Adversity,0
4225,ACORN-D,Affluent,1
4233,ACORN-E,Affluent,1
4241,ACORN-K,Adversity,0
4243,ACORN-O,Adversity,0
4251,ACORN-E,Affluent,1
4272,ACORN-E,Affluent,1
4273,ACORN-L,Adversity,0
4290,ACORN-F,Comfortable,0
4298,ACORN-E,Affluent,1
4301,ACORN-F,Comfortable,0
4319,ACORN-A,Affluent,1
4327,ACORN-E,Affluent,1
4332,ACORN-E,Affluent,1
4335,ACORN-Q,Adversity,0
4339,ACORN-E,Affluent,1
4340,ACORN-D,Affluent,1
4344,ACORN-I,Comfortable,0
4353,ACORN-E,Affluent,1
4357,ACORN-Q,Adversity,0
4373,ACORN-E,Affluent,1
4380,ACORN-E,Affluent,1
4384,ACORN-Q,Adversity,0
4391,ACORN-H,Comfortable,0
4407,ACORN-N,Adversity,0
4409,ACORN-D,Affluent,1
4410,ACORN-E,Affluent,1
4411,ACORN-E,Affluent,1
4412,ACORN-F,Comfortable,0
4418,ACORN-F,Comfortable,0
4425,ACORN-Q,Adversity,0
4428,ACORN-E,Affluent,1
4455,ACORN-C,Affluent,1
4461,ACORN-Q,Adversity,0
4463,ACORN-E,Affluent,1
4470,ACORN-E,Affluent,1
4473,ACORN-E,Affluent,1
4494,ACORN-H,Comfortable,0
4500,ACORN-E,Affluent,1
4510,ACORN-E,Affluent,1
4515,ACORN-U,ACORN-U,0
4524,ACORN-M,Adversity,0
4532,ACORN-L,Adversity,0
4539,ACORN-D,Affluent,1
4540,ACORN-Q,Adversity,0
4545,ACORN-F,Comfortable,0
4567,ACORN-B,Affluent,1
4574,ACORN-E,Affluent,1
4583,ACORN-Q,Adversity,0
4585,ACORN-C,Affluent,1
4589,ACORN-L,Adversity,0
4591,ACORN-Q,Adversity,0
4608,ACORN-F,Comfortable,0
4613,ACORN-E,Affluent,1
4627,ACORN-E,Affluent,1
4632,ACORN-Q,Adversity,0
4635,ACORN-F,Comfortable,0
4646,ACORN-F,Comfortable,0
4648,ACORN-E,Affluent,1
4651,ACORN-H,Comfortable,0
4660,ACORN-G,Comfortable,0
4680,ACORN-Q,Adversity,0
4682,ACORN-E,Affluent,1
4694,ACORN-E,Affluent,1
4696,ACORN-K,Adversity,0
4705,ACORN-E,Affluent,1
4706,ACORN-E,Affluent,1
4708,ACORN-F,Comfortable,0
4718,ACORN-D,Affluent,1
4721,ACORN-L,Adversity,0
4724,ACORN-K,Adversity,0
4730,ACORN-E,Affluent,1
4738,ACORN-E,Affluent,1
4740,ACORN-D,Affluent,1
4745,ACORN-Q,Adversity,0
4748,ACORN-H,Comfortable,0
4749,ACORN-H,Comfortable,0
4760,ACORN-D,Affluent,1
4776,ACORN-M,Adversity,0
4782,ACORN-H,Comfortable,0
4786,ACORN-F,Comfortable,0
4788,ACORN-U,ACORN-U,0
4807,ACORN-H,Comfortable,0
4809,ACORN-Q,Adversity,0
4815,ACORN-E,Affluent,1
4817,ACORN-F,Comfortable,0
4823,ACORN-H,Comfortable,0
4831,ACORN-K,Adversity,0
4833,ACORN-E,Affluent,1
4840,ACORN-F,Comfortable,0
4844,ACORN-F,Comfortable,0
4850,ACORN-G,Comfortable,0
4862,ACORN-F,Comfortable,0
4875,ACORN-Q,Adversity,0
4879,ACORN-E,Affluent,1
4884,ACORN-E,Affluent,1
4887,ACORN-D,Affluent,1
4897,ACORN-J,Comfortable,0
4901,ACORN-J,Comfortable,0
4902,ACORN-J,Comfortable,0
4903,ACORN-J,Comfortable,0
4904,ACORN-E,Affluent,1
4908,ACORN-E,Affluent,1
4914,ACORN-E,Affluent,1
4915,ACORN-D,Affluent,1
4916,ACORN-D,Affluent,1
4922,ACORN-H,Comfortable,0
4927,ACORN-D,Affluent,1
4928,ACORN-D,Affluent,1
4929,ACORN-H,Comfortable,0
4930,ACORN-E,Affluent,1
4933,ACORN-E,Affluent,1
4934,ACORN-Q,Adversity,0
4951,ACORN-P,Adversity,0
4953,ACORN-D,Affluent,1
4954,ACORN-E,Affluent,1
4957,ACORN-B,Affluent,1
4963,ACORN-E,Affluent,1
4973,ACORN-E,Affluent,1
4974,ACORN-E,Affluent,1
4975,ACORN-F,Comfortable,0
4980,ACORN-J,Comfortable,0
4981,ACORN-E,Affluent,1
4983,ACORN-J,Comfortable,0
4984,ACORN-E,Affluent,1
4992,ACORN-E,Affluent,1
5000,ACORN-Q,Adversity,0
5002,ACORN-F,Comfortable,0
5003,ACORN-D,Affluent,1
5004,ACORN-Q,Adversity,0
5007,ACORN-E,Affluent,1
5009,ACORN-E,Affluent,1
5018,ACORN-E,Affluent,1
5036,ACORN-U,ACORN-U,0
5041,ACORN-E,Affluent,1
5042,ACORN-A,Affluent,1
5050,ACORN-F,Comfortable,0
5055,ACORN-E,Affluent,1
5072,ACORN-H,Comfortable,0
5073,ACORN-F,Comfortable,0
5074,ACORN-H,Comfortable,0
5078,ACORN-F,Comfortable,0
5088,ACORN-E,Affluent,1
5096,ACORN-N,Adversity,0
5101,ACORN-L,Adversity,0
5114,ACORN-F,Comfortable,0
5119,ACORN-K,Adversity,0
5137,ACORN-E,Affluent,1
5143,ACORN-H,Comfortable,0
5151,ACORN-H,Comfortable,0
5153,ACORN-O,Adversity,0
5165,ACORN-E,Affluent,1
5166,ACORN-N,Adversity,0
5170,ACORN-F,Comfortable,0
5174,ACORN-F,Comfortable,0
5183,ACORN-E,Affluent,1
5187,ACORN-E,Affluent,1
5191,ACORN-F,Comfortable,0
5195,ACORN-D,Affluent,1
5214,ACORN-E,Affluent,1
5216,ACORN-J,Comfortable,0
5219,ACORN-D,Affluent,1
5220,ACORN-E,Affluent,1
5226,ACORN-E,Affluent,1
5236,ACORN-Q,Adversity,0
5239,ACORN-G,Comfortable,0
5244,ACORN-D,Affluent,1
5254,ACORN-D,Affluent,1
5261,ACORN-D,Affluent,1
5263,ACORN-E,Affluent,1
5267,ACORN-E,Affluent,1
5268,ACORN-E,Affluent,1
5270,ACORN-E,Affluent,1
5273,ACORN-D,Affluent,1
5275,ACORN-D,Affluent,1
5276,ACORN-E,Affluent,1
5277,ACORN-E,Affluent,1
5280,ACORN-D,Affluent,1
5282,ACORN-E,Affluent,1
5288,ACORN-Q,Adversity,0
5293,ACORN-E,Affluent,1
5294,ACORN-E,Affluent,1
5297,ACORN-E,Affluent,1
5300,ACORN-E,Affluent,1
5309,ACORN-E,Affluent,1
5311,ACORN-E,Affluent,1
5315,ACORN-E,Affluent,1
5317,ACORN-E,Affluent,1
5320,ACORN-C,Affluent,1
5323,ACORN-E,Affluent,1
5328,ACORN-Q,Adversity,0
5343,ACORN-E,Affluent,1
5345,ACORN-P,Adversity,0
5356,ACORN-E,Affluent,1
5371,ACORN-L,Adversity,0
5380,ACORN-D,Affluent,1
5382,ACORN-E,Affluent,1
5385,ACORN-P,Adversity,0
5386,ACORN-P,Adversity,0
5389,ACORN-Q,Adversity,0
5397,ACORN-P,Adversity,0
5398,ACORN-P,Adversity,0
5402,ACORN-P,Adversity,0
5405,ACORN-E,Affluent,1
5406,ACORN-A,Affluent,1
5408,ACORN-E,Affluent,1
5409,ACORN-N,Adversity,0
5412,ACORN-E,Affluent,1
5418,ACORN-E,Affluent,1
5433,ACORN-E,Affluent,1
5439,ACORN-L,Adversity,0
5450,ACORN-I,Comfortable,0
5451,ACORN-F,Comfortable,0
5455,ACORN-E,Affluent,1
5457,ACORN-E,Affluent,1
5458,ACORN-Q,Adversity,0
5461,ACORN-N,Adversity,0
5463,ACORN-Q,Adversity,0
5475,ACORN-M,Adversity,0
5480,ACORN-Q,Adversity,0
5497,ACORN-E,Affluent,1
5500,ACORN-Q,Adversity,0
5512,ACORN-K,Adversity,0
5518,ACORN-K,Adversity,0
5525,ACORN-P,Adversity,0
5526,ACORN-E,Affluent,1
5527,ACORN-Q,Adversity,0
5530,ACORN-K,Adversity,0
5539,ACORN-E,Affluent,1
5540,ACORN-N,Adversity,0
5552,ACORN-E,Affluent,1
